Descriptor,p-value
pIC50,9.735837886045401e-25
MW,0.274129847245388
LogP,0.0003138359138811139
NumHDonors,0.3651671170787524
NumHAcceptors,0.00459479702103629
